
[
  {
    "ürün adı:": "Pro Plan Hindili Kısırlaştırılmış Kedi Maması 3kg",
    "urun fiyatı:": "799 TL",
    "indirimsiz fiyat:": "952 TL",
    "ürün resmi:.": "//images.petlebi.com/v7/_ptlb/up/ecommerce/product/xs_pro-plan-kisirlastirilmis-kedi-mamasi-3kg-17717432.jpg",
    "ürün url:": "https://www.petlebi.com/kedi-urunleri/pro-plan-sterilised-tavuklu-ve-hindili-kedi-mamasi-3-kg.html",
    "barkod: ": "7613033560033",
    "skt:": "30.05.2025",
    "marka:": "Pro Plan",
    "stok adedi:": "100 Adet",
    "ürün acıklama:": null,
    "ürün id:": "product1771",
    "category:": "Kedi Ürünleri > Kedi Maması > Kısırlaştırılmış Kedi Maması"
  },
  {
    "ürün adı:": "Trendline Tavuklu Yetişkin Kedi Maması 1kg",
    "urun fiyatı:": "107 TL",
    "indirimsiz fiyat:": "126 TL",
    "ürün resmi:.": "//images.petlebi.com/v7/_ptlb/up/ecommerce/product/xs_trendline-yetiskin-kedi-mamasi-1kg-97234111.jpg",
    "ürün url:": "https://www.petlebi.com/kedi-urunleri/trendline-tavuklu-yetiskin-kedi-mamasi-1kg.html",
    "barkod: ": "8698995011303",
    "skt:": "20.08.2025",
    "marka:": "Trendline",
    "stok adedi:": "48 Adet",
    "ürün acıklama:": "Yetişkin kediler için üretilmiştir.",
    "ürün id:": "product9723",
    "category:": "Kedi Ürünleri > Kedi Maması > Yetişkin Kedi Maması"
  },
  {
    "ürün adı:": "Royal Canin Savour Exigent 35/30 Hassas Seçici Kediler İçin Kedi Maması 4kg",
    "urun fiyatı:": "1.249 TL",
    "indirimsiz fiyat:": "1.471 TL",
    "ürün resmi:.": "//images.petlebi.com/v7/_ptlb/up/ecommerce/product/xs_royal-canin-yetiskin-kedi-mamasi-4kg-909885.jpg",
    "ürün url:": "https://www.petlebi.com/kedi-urunleri/royal-canin-exigent-3530-hassas-secici-kediler-icin-kedi-mamasi-4kg.html",
    "barkod: ": "3182550717144",
    "skt:": "01.08.2025",
    "marka:": "Royal Canin",
    "stok adedi:": "24 Adet",
    "ürün acıklama:": "Kısırlaştırılmış kediler için de uygundur.",
    "ürün id:": "product90",
    "category:": "Kedi Ürünleri > Kedi Maması > Yetişkin Kedi Maması"
  },
  {
    "ürün adı:": "Royal Canin Siamese 38 Yetişkin Kedi Maması 2kg",
    "urun fiyatı:": "819 TL",
    "indirimsiz fiyat:": "968 TL",
    "ürün resmi:.": "//images.petlebi.com/v7/_ptlb/up/ecommerce/product/xs_royal-canin-yetiskin-kedi-mamasi-2kg-21263919.jpg",
    "ürün url:": "https://www.petlebi.com/kedi-urunleri/royal-canine-siamese-38-kedi-mamasi-2-kg.html",
    "barkod: ": "3182550710688",
    "skt:": "09.08.2025",
    "marka:": "Royal Canin",
    "stok adedi:": "6 Adet",
    "ürün acıklama:": "Kısırlaştırılmış kediler için de uygundur.",
    "ürün id:": "product2126",
    "category:": "Kedi Ürünleri > Kedi Maması > Yetişkin Kedi Maması"
  },
  {
    "ürün adı:": "Royal Canin Kitten 36 Yavru Kedi Maması 2kg",
    "urun fiyatı:": "699 TL",
    "indirimsiz fiyat:": "831 TL",
    "ürün resmi:.": "//images.petlebi.com/v7/_ptlb/up/ecommerce/product/xs_royal-canin-yavru-kedi-mamasi-2kg-787605.jpg",
    "ürün url:": "https://www.petlebi.com/kedi-urunleri/royal-canin-kitten-36-yavru-kedi-mamasi-2kg.html",
    "barkod: ": "3182550702423",
    "skt:": "03.05.2025",
    "marka:": "Royal Canin",
    "stok adedi:": "100 Adet",
    "ürün acıklama:": "Yavru kedilerin gelişimlerinin maksimum seviyede desteklemek için özel olarak formüle edilen Royal Canin Kitten 36 düzenli büyüme, sindirim sistemi sağlığı, bağışıklık sistemi güçlenmesi konularında oldukça faydalı etkilere sahiptir.",
    "ürün id:": "product78",
    "category:": "Kedi Ürünleri > Kedi Maması > Yavru Kedi Maması"
  },
  {
    "ürün adı:": "Purina One Somonlu Kısırlaştırılmış Kedi Maması 1,5kg",
    "urun fiyatı:": "385 TL",
    "indirimsiz fiyat:": "457 TL",
    "ürün resmi:.": "//images.petlebi.com/v7/_ptlb/up/ecommerce/product/xs_purina-one-kisirlastirilmis-kedi-mamasi-1kg-6157677.jpg",
    "ürün url:": "https://www.petlebi.com/kedi-urunleri/purina-one-somonlu-kisirlastirilmis-kedi-mamasi-1-5kg.html",
    "barkod: ": "8445290098993",
    "skt:": "30.05.2025",
    "marka:": "Purina One",
    "stok adedi:": "100 Adet",
    "ürün acıklama:": "Purina One Adult kedi mamasının, yüksek sindirilebilirliğe sahip olduğu ve iyi bir dışkı kalitesini destekleyen, sindirim sistemi tarafından emilmeye hazır yüksek kaliteli besinsel içerikler ile formüle edildiği Purina veteriner hekimleri ve beslenme uzmanları tarafından onaylanmıştır.",
    "ürün id:": "product6157",
    "category:": "Kedi Ürünleri > Kedi Maması > Kısırlaştırılmış Kedi Maması"
  },
  {
    "ürün adı:": "Pro Plan Somonlu Kısırlaştırılmış Kedi Maması 3kg",
    "urun fiyatı:": "819 TL",
    "indirimsiz fiyat:": "975 TL",
    "ürün resmi:.": "//images.petlebi.com/v7/_ptlb/up/ecommerce/product/xs_pro-plan-kisirlastirilmis-kedi-mamasi-3kg-1124852.jpg",
    "ürün url:": "https://www.petlebi.com/kedi-urunleri/pro-plan-sterilised-somonlu-ve-ton-balikli-kedi-mamasi-3kg.html",
    "barkod: ": "7613033560064",
    "skt:": "30.04.2025",
    "marka:": "Pro Plan",
    "stok adedi:": "100 Adet",
    "ürün acıklama:": null,
    "ürün id:": "product112",
    "category:": "Kedi Ürünleri > Kedi Maması > Kısırlaştırılmış Kedi Maması"
  },
  {
    "ürün adı:": "Royal Canin Sensible 33 Hassas Sindirim Sistemi Destekleyici Kedi Maması 2kg",
    "urun fiyatı:": "699 TL",
    "indirimsiz fiyat:": "832 TL",
    "ürün resmi:.": "//images.petlebi.com/v7/_ptlb/up/ecommerce/product/xs_royal-canin-yetiskin-kedi-mamasi-2kg-11579992.jpg",
    "ürün url:": "https://www.petlebi.com/kedi-urunleri/royal-canin-sensible-33-hassas-sindirim-sistemi-kedi-mamasi-2-kg.html",
    "barkod: ": "3182550702317",
    "skt:": "05.06.2025",
    "marka:": "Royal Canin",
    "stok adedi:": "18 Adet",
    "ürün acıklama:": "Kısırlaştırılmış kediler için de uygundur.",
    "ürün id:": "product1157",
    "category:": "Kedi Ürünleri > Kedi Maması > Yetişkin Kedi Maması"
  },
  {
    "ürün adı:": "Pro Plan Kitten Tavuklu ve Pirinçli Yavru Kedi Maması 1,5kg",
    "urun fiyatı:": "409 TL",
    "indirimsiz fiyat:": "483 TL",
    "ürün resmi:.": "//images.petlebi.com/v7/_ptlb/up/ecommerce/product/xs_pro-plan-yavru-kedi-mamasi-1kg-1173275.jpg",
    "ürün url:": "https://www.petlebi.com/kedi-urunleri/pro-plan-tavuklu-ve-pirincli-yavru-kedi-mamasi-15kg.html",
    "barkod: ": "7613036505178",
    "skt:": "30.06.2025",
    "marka:": "Pro Plan",
    "stok adedi:": "100 Adet",
    "ürün acıklama:": null,
    "ürün id:": "product117",
    "category:": "Kedi Ürünleri > Kedi Maması > Yavru Kedi Maması"
  }
]