
[
  {
    "ürün adı:": "N&D Tropical Selection Kuzu Etli ve Tropikal Meyveli Kısırlaştırılmış Kedi Maması 1,5kg",
    "urun fiyatı:": "589 TL",
    "indirimsiz fiyat:": "697 TL",
    "ürün resmi:.": "//images.petlebi.com/v7/_ptlb/up/ecommerce/product/xs_nd-kisirlastirilmis-kedi-mamasi-1kg-348734121.jpg",
    "ürün url:": "https://www.petlebi.com/kedi-urunleri/n-d-tropical-selection-kuzu-etli-ve-tropikal-meyveli-kisirlastirilmis-kedi-mamasi-1-5kg.html",
    "barkod: ": "8010276042125",
    "skt:": "11.08.2025",
    "marka:": "N&D",
    "stok adedi:": "54 Adet",
    "ürün acıklama:": "Kuzu, kılçıksız buğday, yulaf ve tropikal meyveli kısırlaştırılmış kediler için formüle edilmiş tam mamadır.",
    "ürün id:": "product34873",
    "category:": "Kedi Ürünleri > Kedi Maması > Kısırlaştırılmış Kedi Maması"
  },
  {
    "ürün adı:": "Acana Pacifica Balıklı Tahılsız Kedi Maması 1,8kg",
    "urun fiyatı:": "1.599 TL",
    "indirimsiz fiyat:": "1.928 TL",
    "ürün resmi:.": "//images.petlebi.com/v7/_ptlb/up/ecommerce/product/xs_acana-yetiskin-kedi-mamasi-1kg-987160.jpg",
    "ürün url:": "https://www.petlebi.com/kedi-urunleri/acana-pacifica-balikli-tahilsiz-yetiskin-kedi-mamasi-227kg.html",
    "barkod: ": "064992714642",
    "skt:": "07.02.2025",
    "marka:": "Acana",
    "stok adedi:": "41 Adet",
    "ürün acıklama:": "Kediler için tam besleyici mama olan Acana Pacifica, evcil hayvan maması üretiminde hayvanların doğal yaşamdaki beslenme alışkanlıklarını örnek alarak oluşturulan formüle sahiptir. %65'i günlük elde edilen taze ringa balığı, uskumru ve pasifik berlamından üretilen mama hiçbir katkı maddesi içermemektedir.",
    "ürün id:": "product98",
    "category:": "Kedi Ürünleri > Kedi Maması > Yetişkin Kedi Maması"
  },
  {
    "ürün adı:": "Pro Plan +7 Hindili Kısırlaştırılmış Yaşlı Kedi Maması 3kg",
    "urun fiyatı:": "799 TL",
    "indirimsiz fiyat:": "952 TL",
    "ürün resmi:.": "//images.petlebi.com/v7/_ptlb/up/ecommerce/product/xs_pro-plan-yasli-kedi-mamasi-3kg-31752092.jpg",
    "ürün url:": "https://www.petlebi.com/kedi-urunleri/pro-plan-sterilised-7-hindili-kisirlastirilmis-yasli-kedi-mamasi-3kg.html",
    "barkod: ": "7613034989642",
    "skt:": "30.03.2025",
    "marka:": "Pro Plan",
    "stok adedi:": "56 Adet",
    "ürün acıklama:": null,
    "ürün id:": "product3175",
    "category:": "Kedi Ürünleri > Kedi Maması > Yaşlı Kedi Maması"
  },
  {
    "ürün adı:": "Trendline Tavuklu Yavru Kedi Maması 1kg",
    "urun fiyatı:": "119 TL",
    "indirimsiz fiyat:": "139 TL",
    "ürün resmi:.": "//images.petlebi.com/v7/_ptlb/up/ecommerce/product/xs_trendline-yavru-kedi-mamasi-96544744.jpg",
    "ürün url:": "https://www.petlebi.com/kedi-urunleri/trendline-tavuklu-yavru-kedi-mamasi-1kg.html",
    "barkod: ": "8698995027236",
    "skt:": "12.06.2025",
    "marka:": "Trendline",
    "stok adedi:": "27 Adet",
    "ürün acıklama:": null,
    "ürün id:": "product9654",
    "category:": "Kedi Ürünleri > Kedi Maması > Yavru Kedi Maması"
  },
  {
    "ürün adı:": "N&D Ocean Ringa Balıklı ve Portakallı Tahılsız Kısırlaştırılmış Kedi Maması 1,5kg",
    "urun fiyatı:": "999 TL",
    "indirimsiz fiyat:": "1.190 TL",
    "ürün resmi:.": "//images.petlebi.com/v7/_ptlb/up/ecommerce/product/xs_nd-yetiskin-kedi-mamasi-1kg-14075448.jpg",
    "ürün url:": "https://www.petlebi.com/kedi-urunleri/n-d-ocean-ringa-balikli-ve-portakalli-kisirlastirilmis-kedi-mamasi-1-5kg.html",
    "barkod: ": "8010276040152",
    "skt:": "14.08.2025",
    "marka:": "N&D",
    "stok adedi:": "81 Adet",
    "ürün acıklama:": "Yetişkin kısır kediler için tam mamadır.",
    "ürün id:": "product14075",
    "category:": "Kedi Ürünleri > Kedi Maması > Kısırlaştırılmış Kedi Maması"
  },
  {
    "ürün adı:": "Pro Plan Delicate Kuzu Etli Yetişkin Kedi Maması 1,5kg",
    "urun fiyatı:": "499 TL",
    "indirimsiz fiyat:": "594 TL",
    "ürün resmi:.": "//images.petlebi.com/v7/_ptlb/up/ecommerce/product/xs_pro-plan-yetiskin-kedi-mamasi-1kg-52178322.jpg",
    "ürün url:": "https://www.petlebi.com/kedi-urunleri/pro-plan-delicate-kuzu-etli-yetislin-kedi-mamasi-15kg.html",
    "barkod: ": "7613035846685",
    "skt:": "30.12.2024",
    "marka:": "Pro Plan",
    "stok adedi:": "11 Adet",
    "ürün acıklama:": "PRO PLAN® Delicate Kuzu Etli tam kuru kedi maması, yetişkin kedinizin bir öğünde ihtiyacı olan tüm besinsel öğeleri içerirken kedinizin böbrek sağlığınının korunmasına destek olur.",
    "ürün id:": "product5217",
    "category:": "Kedi Ürünleri > Kedi Maması > Yetişkin Kedi Maması"
  },
  {
    "ürün adı:": "Felicia HypoAllergenic Somonlu Düşük Tahıllı Yetişkin Kedi Maması 2kg",
    "urun fiyatı:": "329 TL",
    "indirimsiz fiyat:": "389 TL",
    "ürün resmi:.": "//images.petlebi.com/v7/_ptlb/up/ecommerce/product/xs_felicia-yetiskin-kedi-mamasi-2kg-38106009.jpg",
    "ürün url:": "https://www.petlebi.com/kedi-urunleri/felicia-adult-somonlu-yetiskin-kedi-mamasi-2kg.html",
    "barkod: ": "8681299601301",
    "skt:": "22.09.2025",
    "marka:": "Felicia",
    "stok adedi:": "30 Adet",
    "ürün acıklama:": "Felicia® Adult Cat Somonlu kedinizin ihtiyacı olan günlük tüm besinleri tam ve dengeli olarak alabilmesi için kedi & köpek beslenme uzmanları tarafından en kaliteli içerikler kullanılarak özenle formüle edilmiştir. Titizlikle seçilmiş hammaddeleri ile böbrek sağlığını ve sindirim sistemini destekleyen maddeler içermesine özellikle önem gösterilmiştir.",
    "ürün id:": "product3810",
    "category:": "Kedi Ürünleri > Kedi Maması > Yetişkin Kedi Maması"
  },
  {
    "ürün adı:": "Miglior Gatto Tavuklu Kısırlaştırılmış Kedi Maması 800gr",
    "urun fiyatı:": "229 TL",
    "indirimsiz fiyat:": "275 TL",
    "ürün resmi:.": "//images.petlebi.com/v7/_ptlb/up/ecommerce/product/xs_miglior-gatto-kisirlastirilmis-kedi-mamasi-0kg-128937052.jpg",
    "ürün url:": "https://www.petlebi.com/kedi-urunleri/miglior-gatto-tavuklu-ve-jambonlu-kisirlastirilmis-kedi-konservesi-100gr.html",
    "barkod: ": "8007520014908",
    "skt:": "03.03.2025",
    "marka:": "Miglior Gatto",
    "stok adedi:": "9 Adet",
    "ürün acıklama:": "Kısırlaştırılmış kediler için kuru mama.",
    "ürün id:": "product12893",
    "category:": "Kampanyalar Ürünleri > Mayıs Seçili Ürünler"
  },
  {
    "ürün adı:": "Brit Care Hypo-Allergenic Sağlıklı Büyüme için Tavuklu ve Hindili Tahılsız Yavru Kedi Maması 2kg",
    "urun fiyatı:": "539 TL",
    "indirimsiz fiyat:": "647 TL",
    "ürün resmi:.": "//images.petlebi.com/v7/_ptlb/up/ecommerce/product/xs_brit-care-yavru-kedi-mamasi-2kg-139096881.jpg",
    "ürün url:": "https://www.petlebi.com/kedi-urunleri/brit-care-hypo-allergenic-saglikli-buyume-icin-tavuklu-ve-hindili-yavru-kedi-mamasi-2kg.html",
    "barkod: ": "8595602540679",
    "skt:": "01.12.2024",
    "marka:": "Brit Care",
    "stok adedi:": "32 Adet",
    "ürün acıklama:": "Özel içerik yavru sayesinde kedilerin sağlıklı büyümesine yardımcı olur.",
    "ürün id:": "product13909",
    "category:": "Kedi Ürünleri > Kedi Maması > Yavru Kedi Maması"
  },
  {
    "ürün adı:": "Pronature Kilo Kontrolü için Hamsili ve Pirinçli Yetişkin Kedi Maması 1,5kg",
    "urun fiyatı:": "239 TL",
    "indirimsiz fiyat:": "280 TL",
    "ürün resmi:.": "//images.petlebi.com/v7/_ptlb/up/ecommerce/product/xs_pronature-yetiskin-kedi-mamasi-1kg-192087751.jpg",
    "ürün url:": "https://www.petlebi.com/kedi-urunleri/pronature-hamsili-yetiskin-kedi-mamasi-1-5kg.html",
    "barkod: ": "8681612750860",
    "skt:": "12.10.2024",
    "marka:": "Pronature",
    "stok adedi:": "30 Adet",
    "ürün acıklama:": "12 ay ve üzeri kedilerin optimum vücut ağırlığını korumak ve günlük enerji ve besin maddesi gereksinimlerini karşılamak amacıyla özel olarak formüle edilmiştir. ",
    "ürün id:": "product19208",
    "category:": "Kedi Ürünleri > Kedi Maması > Light Kedi Maması"
  },
  {
    "ürün adı:": "Acana Indoor Entree Hairball Control Tavuklu ve Hindili Kısırlaştırılmış Kedi Maması 4,5kg",
    "urun fiyatı:": "2.699 TL",
    "indirimsiz fiyat:": "3.187 TL",
    "ürün resmi:.": "//images.petlebi.com/v7/_ptlb/up/ecommerce/product/xs_acana-yetiskin-kedi-mamasi-4kg-137952206.jpg",
    "ürün url:": "https://www.petlebi.com/kedi-urunleri/acana-indoor-entree-sterilised-yetiskin-kedi-mamasi-4-5kg.html",
    "barkod: ": "064992714512",
    "skt:": "25.01.2025",
    "marka:": "Acana",
    "stok adedi:": "73 Adet",
    "ürün acıklama:": "Kedinizi kaliteli hayvansal içerikli diyetle besleyin. Yeni Acana Indoor Entrée, kedinizi tamamen doğal yollarla beslemek için serbest dolaşan tavuk, hindi ve balık içeriğine sahiptir.",
    "ürün id:": "product13795",
    "category:": "Kedi Ürünleri > Kedi Maması > Kısırlaştırılmış Kedi Maması"
  },
  {
    "ürün adı:": "Brit Care Sensitive Hypo-Allergenic Larva Proteinli Tahılsız Yetişkin Kedi Maması 7kg",
    "urun fiyatı:": "1.799 TL",
    "indirimsiz fiyat:": "2.159 TL",
    "ürün resmi:.": "//images.petlebi.com/v7/_ptlb/up/ecommerce/product/xs_brit-care-yetiskin-kedi-mamasi-7kg-319786978.jpg",
    "ürün url:": "https://www.petlebi.com/kedi-urunleri/brit-care-sensitive-hypo-allergenic-bocek-proteinli-tahilsiz-yetiskin-kedi-mamasi-7kg.html",
    "barkod: ": "8595602554225",
    "skt:": "19.12.2024",
    "marka:": "Brit Care",
    "stok adedi:": "6 Adet",
    "ürün acıklama:": "Yetişkin günleri için özel olarak formüle edilmiştir. Gıda intoleransı olan yetişkin ayı için uygundur.",
    "ürün id:": "product31978",
    "category:": "Kedi Ürünleri > Kedi Maması > Yetişkin Kedi Maması"
  },
  {
    "ürün adı:": "Eco Natura Tavuklu ve Pirinçli Yavru Kedi Maması 15kg",
    "urun fiyatı:": "1.449 TL",
    "indirimsiz fiyat:": "1.744 TL",
    "ürün resmi:.": "//images.petlebi.com/v7/_ptlb/up/ecommerce/product/xs_eco-natura-yavru-kedi-mamasi-15kg-164078791.jpg",
    "ürün url:": "https://www.petlebi.com/kedi-urunleri/eco-natura-tavuklu-ve-pirincli-yavru-kedi-mamasi-15kg.html",
    "barkod: ": "8682315522013",
    "skt:": "20.06.2025",
    "marka:": "Eco Natura",
    "stok adedi:": "30 Adet",
    "ürün acıklama:": "Eco Natura tavuklu ve pirinçli yavru kedi maması tüm ırklar için, günlük beslenme ihtiyaçlarını karşılamak üzere kedi/köpek beslenme uzmanları tarafından özenle formüle edilmiş tam ve dengeli, tavuk proteini içeren yavru kedi mamasıdır.",
    "ürün id:": "product16407",
    "category:": "Kedi Ürünleri > Kedi Maması > Yavru Kedi Maması"
  },
  {
    "ürün adı:": "Hill's Optimal Care Tavuklu Yetişkin Kedi Maması 8kg+2kg HEDİYE!",
    "urun fiyatı:": "2.349 TL",
    "indirimsiz fiyat:": "2.776 TL",
    "ürün resmi:.": "//images.petlebi.com/v7/_ptlb/up/ecommerce/product/xs_hills-mutlu-mart-10kg-12063718.jpg",
    "ürün url:": "https://www.petlebi.com/kedi-urunleri/hill-s-optimal-care-tavuklu-yetiskin-kedi-mamasi-10kg.html",
    "barkod: ": "052742024417",
    "skt:": "30.08.2025",
    "marka:": "Hill's",
    "stok adedi:": "15 Adet",
    "ürün acıklama:": "Kediniz, lezzetli sos içerisindeki nefis et parçalarından oluşan HILL'S SCIENCE PLAN Adult kedi mamasının tadına bayılacak.",
    "ürün id:": "product12063",
    "category:": "Kedi Ürünleri > Kedi Maması > Yetişkin Kedi Maması"
  },
  {
    "ürün adı:": "Nature's Variety Original Somonlu Kısırlaştırılmış Kedi Maması 1,25kg",
    "urun fiyatı:": "799 TL",
    "indirimsiz fiyat:": "950 TL",
    "ürün resmi:.": "//images.petlebi.com/v7/_ptlb/up/ecommerce/product/xs_nature-s-variety-yetiskin-kedi-mamasi-1kg-197531288.jpg",
    "ürün url:": "https://www.petlebi.com/kedi-urunleri/nature-s-variety-original-somonlu-yetiskin-kedi-mamasi-1-25kg.html",
    "barkod: ": "8410650271736",
    "skt:": "12.10.2024",
    "marka:": "Nature's Variety",
    "stok adedi:": "30 Adet",
    "ürün acıklama:": "Nature's Variety, besin açısından tam bir diyet sunmak adına, dengeli ve besleyici sebzeler ile balık ya da etin yanında birçok farklı besin bileşeni içerir.",
    "ürün id:": "product19753",
    "category:": "Kedi Ürünleri > Kedi Maması > Kısırlaştırılmış Kedi Maması"
  },
  {
    "ürün adı:": "Morando Professional Tavuklu ve Somonlu Yavru Kedi Maması 1,5kg",
    "urun fiyatı:": "335 TL",
    "indirimsiz fiyat:": "399 TL",
    "ürün resmi:.": "//images.petlebi.com/v7/_ptlb/up/ecommerce/product/xs_morando-gunun-firsatlari-1kg-363405149.jpg",
    "ürün url:": "https://www.petlebi.com/kedi-urunleri/morando-professional-tavuklu-ve-somonlu-yavru-kedi-mamasi-1-5kg.html",
    "barkod: ": "8007520105361",
    "skt:": "11.07.2025",
    "marka:": "Morando",
    "stok adedi:": "5 Adet",
    "ürün acıklama:": "Yavru kediler için kuru mama.",
    "ürün id:": "product36340",
    "category:": "Kedi Ürünleri > Kedi Maması > Yavru Kedi Maması"
  },
  {
    "ürün adı:": "Club4Paws Kısırlaştırılmış Kedi Maması 2kg",
    "urun fiyatı:": "559 TL",
    "indirimsiz fiyat:": "669 TL",
    "ürün resmi:.": "//images.petlebi.com/v7/_ptlb/up/ecommerce/product/xs_club4paws-kisirlastirilmis-kedi-mamasi-2kg-322546889.jpg",
    "ürün url:": "https://www.petlebi.com/kedi-urunleri/club4paws-kisirlastirilmis-kedi-mamasi-2kg.html",
    "barkod: ": "4820083909276",
    "skt:": "14.06.2025",
    "marka:": "Club4Paws",
    "stok adedi:": "3 Adet",
    "ürün acıklama:": "Premium kuru mama, kısırlaştırılmış kedilerin beslenmesi için özel olarak formüle edilmiştir.",
    "ürün id:": "product32254",
    "category:": "Kedi Ürünleri > Kedi Maması > Kısırlaştırılmış Kedi Maması"
  },
  {
    "ürün adı:": "Optimeal Extra Shine Morina Balıklı Parlak Tüy Gelişimini Destekleyen Yetişkin Kedi Maması 1,5kg",
    "urun fiyatı:": "499 TL",
    "indirimsiz fiyat:": "592 TL",
    "ürün resmi:.": "//images.petlebi.com/v7/_ptlb/up/ecommerce/product/xs_optimeal-yetiskin-kedi-mamasi-1kg-351799754.jpg",
    "ürün url:": "https://www.petlebi.com/kedi-urunleri/optimeal-extra-shine-morina-balikli-parlak-tuy-gelisimini-destekleyen-yetiskin-kedi-mamasi-1-5kg-2.html",
    "barkod: ": "4820215369657",
    "skt:": "03.11.2025",
    "marka:": "Optimeal",
    "stok adedi:": "1 Adet",
    "ürün acıklama:": "Optimeal morina balıklı, içeriğinde bulunan omege 3 & 6 yağ asitler ve çinko ve biotin katkısı ile tüm ırktaki ve yaştaki yetişkin ve yaşlılık dönemindeki tüm evrelerinde kullanabileceğiniz, morina balık eti ile besleyici değeri yüksek protein kaynakları içeren yetişkin kedi mamasıdır.",
    "ürün id:": "product35179",
    "category:": "Kedi Ürünleri > Kedi Maması > Yetişkin Kedi Maması"
  },
  {
    "ürün adı:": "Reflex Plus Urinary Tavuklu Yetişkin Kedi Maması 1,5kg",
    "urun fiyatı:": "319 TL",
    "indirimsiz fiyat:": "382 TL",
    "ürün resmi:.": "//images.petlebi.com/v7/_ptlb/up/ecommerce/product/xs_reflex-yetiskin-kopek-mamasi-1kg-97215629.jpg",
    "ürün url:": "https://www.petlebi.com/kedi-urunleri/reflex-plus-urinery-somonlu-ve-tavuklu-yetiskin-kedi-mamasi-1-5kg.html",
    "barkod: ": "8698995027410",
    "skt:": "26.04.2025",
    "marka:": "Reflex",
    "stok adedi:": "12 Adet",
    "ürün acıklama:": "Tüm ırk kediler için, günlük beslenme ihtiyaçlarını karşılamak üzere kedi/köpek beslenme uzmanları tarafından özenle formüle edilmiş tam ve dengeli, protein içeren süper premium kedi mamasıdır.",
    "ürün id:": "product9721",
    "category:": "Kedi Ürünleri > Kedi Maması > Yetişkin Kedi Maması"
  },
  {
    "ürün adı:": "Hill's SCIENCE PLAN Tavuklu Kısırlaştırılmış Yavru Kedi Maması 3kg",
    "urun fiyatı:": "1.099 TL",
    "indirimsiz fiyat:": "1.298 TL",
    "ürün resmi:.": "//images.petlebi.com/v7/_ptlb/up/ecommerce/product/xs_hills-yavru-kedi-mamasi-3kg-304124402.jpg",
    "ürün url:": "https://www.petlebi.com/kedi-urunleri/hill-s-sterilised-kitten-tavuklu-kisirlastirilmis-yavru-kedi-mamasi-3kg.html",
    "barkod: ": "052742053516",
    "skt:": "30.12.2024",
    "marka:": "Hill's",
    "stok adedi:": "4 Adet",
    "ürün acıklama:": "Kısırlaştırılmış yavru kediler ve hamile veya emziren kediler için tam ve dengeli kedi mamasıdır.",
    "ürün id:": "product30412",
    "category:": "Kedi Ürünleri > Kedi Maması > Yavru Kedi Maması"
  },
  {
    "ürün adı:": "Advance Hindili Kısırlaştırılmış Kedi Maması 15kg",
    "urun fiyatı:": "4.599 TL",
    "indirimsiz fiyat:": "5.501 TL",
    "ürün resmi:.": "//images.petlebi.com/v7/_ptlb/up/ecommerce/product/xs_advance-kisirlastirilmis-kedi-mamasi-15kg-8230375.jpg",
    "ürün url:": "https://www.petlebi.com/kedi-urunleri/advance-hindili-kisirlastirilmis-yetiskin-kedi-mamasi-15kg.html",
    "barkod: ": "8410650166285",
    "skt:": "15.02.2025",
    "marka:": "Advance",
    "stok adedi:": "2 Adet",
    "ürün acıklama:": "Kısırlaştırılmış kediler için geliştirilen bir mamadır.",
    "ürün id:": "product8230",
    "category:": "Kedi Ürünleri > Kedi Maması > Kısırlaştırılmış Kedi Maması"
  },
  {
    "ürün adı:": "CIAO Sugoi Crunchy Bağışıklık Sistemi Destekleyici Deniz Taraklı Prebiotik Kedi Maması 22gr (5'li)",
    "urun fiyatı:": "179 TL",
    "indirimsiz fiyat:": "211 TL",
    "ürün resmi:.": "//images.petlebi.com/v7/_ptlb/up/ecommerce/product/xs_ciao-yetiskin-kedi-mamasi-0kg-37791734.jpg",
    "ürün url:": "https://www.petlebi.com/kedi-urunleri/ciao-sugoi-crunchy-bagisiklik-sistemi-destekleyici-deniz-tarakli-prebiotik-kedi-mamasi-22gr-5-li.html",
    "barkod: ": "8859387701930",
    "skt:": "23.04.2025",
    "marka:": "INABA & CIAO",
    "stok adedi:": "6 Adet",
    "ürün acıklama:": "Prebiyotiklerle zenginleştirilmiş, antioksidanlarla dolu ve lezzetli bir öğün alternatifidir.",
    "ürün id:": "product37791",
    "category:": "Kedi Ürünleri > Kedi Maması > Yetişkin Kedi Maması"
  },
  {
    "ürün adı:": "Reflex Plus Sterilised Somonlu Kısırlaştırılmış Kedi Maması 1,5kg",
    "urun fiyatı:": "319 TL",
    "indirimsiz fiyat:": "382 TL",
    "ürün resmi:.": "//images.petlebi.com/v7/_ptlb/up/ecommerce/product/xs_reflex-kisirlastirilmis-kedi-mamasi-96027556.jpg",
    "ürün url:": "https://www.petlebi.com/kedi-urunleri/reflex-somonlu-tavuklu-kisirlastirilmis-kedi-mamasi-1-5-kg.html",
    "barkod: ": "8698995029674",
    "skt:": "14.05.2025",
    "marka:": "Reflex",
    "stok adedi:": "47 Adet",
    "ürün acıklama:": "Kısırlaştırılmış kediler için tam ve dengeli formüle edilmiş somonlu süper premium kuru kedi mamasıdır.",
    "ürün id:": "product9602",
    "category:": "Kedi Ürünleri > Kedi Maması > Kısırlaştırılmış Kedi Maması"
  },
  {
    "ürün adı:": "Optimeal Extra Shine Morina Balıklı Parlak Tüy Gelişimini Destekleyen Yetişkin Kedi Maması 4kg",
    "urun fiyatı:": "1.499 TL",
    "indirimsiz fiyat:": "1.774 TL",
    "ürün resmi:.": "//images.petlebi.com/v7/_ptlb/up/ecommerce/product/xs_optimeal-yetiskin-kedi-mamasi-4kg-286814294.jpg",
    "ürün url:": "https://www.petlebi.com/kedi-urunleri/optimeal-extra-shine-morina-balikli-parlak-tuy-gelisimini-destekleyen-yetiskin-kedi-mamasi-4kg.html",
    "barkod: ": "4820215364454",
    "skt:": "21.01.2025",
    "marka:": "Optimeal",
    "stok adedi:": "1 Adet",
    "ürün acıklama:": "Optimeal morina balıklı, içeriğinde bulunan omege 3 & 6 yağ asitler ve çinko ve biotin katkısı ile tüm ırktaki ve yaştaki yetişkin ve yaşlılık dönemindeki tüm evrelerinde kullanabileceğiniz, morina balık eti ile besleyici değeri yüksek protein kaynakları içeren yetişkin kedi mamasıdır.",
    "ürün id:": "product28681",
    "category:": "Kedi Ürünleri > Kedi Maması > Yetişkin Kedi Maması"
  },
  {
    "ürün adı:": "BestPet Selection Tavuklu Yetişkin Kedi Maması 15kg",
    "urun fiyatı:": "1.069 TL",
    "indirimsiz fiyat:": "1.281 TL",
    "ürün resmi:.": "//images.petlebi.com/v7/_ptlb/up/ecommerce/product/xs_best-pet-yetiskin-kedi-mamasi-15kg-234309875.jpg",
    "ürün url:": "https://www.petlebi.com/kedi-urunleri/bestpet-selection-tavuklu-yetiskin-kedi-mamasi-15kg.html",
    "barkod: ": "8681465601845",
    "skt:": "20.08.2025",
    "marka:": "BestPet",
    "stok adedi:": "3 Adet",
    "ürün acıklama:": "BestPet tavuklu yetişkin kedi mamasıdır.",
    "ürün id:": "product23430",
    "category:": "Kedi Ürünleri > Kedi Maması > Yetişkin Kedi Maması"
  },
  {
    "ürün adı:": "Happy Cat Minkas Kitten Care Tavuklu Yavru Kedi Maması 1,5kg",
    "urun fiyatı:": "379 TL",
    "indirimsiz fiyat:": "450 TL",
    "ürün resmi:.": "//images.petlebi.com/v7/_ptlb/up/ecommerce/product/xs_happy-cat-yavru-kedi-mamasi-1kg-124226327.jpg",
    "ürün url:": "https://www.petlebi.com/kedi-urunleri/happy-cat-minkas-yavru-kedi-mamasi-1-5kg.html",
    "barkod: ": "4001967116687",
    "skt:": "14.12.2025",
    "marka:": "Happy Cat",
    "stok adedi:": "1 Adet",
    "ürün acıklama:": "Happy Cat Minkas Kitten Care içeriğinde bulunan değerli protein kaynakları, vitamin, mineraller ve omega-3-6 yağ asitleri ile 5 haftalık yaştan itibaren yavru kedilerin özel ihtiyaçları için formülize edilmiştir.",
    "ürün id:": "product12422",
    "category:": "Kedi Ürünleri > Kedi Maması > Yavru Kedi Maması"
  },
  {
    "ürün adı:": "Happy Cat Culinary Atlantic Lachs Somonlu Yetişkin Kedi Maması 10kg",
    "urun fiyatı:": "2.449 TL",
    "indirimsiz fiyat:": "2.904 TL",
    "ürün resmi:.": "//images.petlebi.com/v7/_ptlb/up/ecommerce/product/xs_happy-cat-yetiskin-kedi-mamasi-10kg-1643356.jpg",
    "ürün url:": "https://www.petlebi.com/kedi-urunleri/happy-cat-somon-balikli-etli-kedi-mamasi-10-kg.html",
    "barkod: ": "4001967140224",
    "skt:": "13.07.2025",
    "marka:": "Happy Cat",
    "stok adedi:": "1 Adet",
    "ürün acıklama:": "Sindirimi kolay somon, bezelye ve biberiye içeriği ile lezzetli ve dengeli bir öğün sunar. İçerisinde bulunan lifler ile tüy topaklarını azaltır. Atlantik somonundan gelen omega-3 ve 6 yağ asitleri sağlıklı yaşamı ve deri tüy sağlığını destekler.",
    "ürün id:": "product164",
    "category:": "Kedi Ürünleri > Kedi Maması > Yetişkin Kedi Maması"
  },
  {
    "ürün adı:": "Morando Professional Balıklı Yetişkin Kedi Maması 2kg",
    "urun fiyatı:": "369 TL",
    "indirimsiz fiyat:": "440 TL",
    "ürün resmi:.": "//images.petlebi.com/v7/_ptlb/up/ecommerce/product/xs_morando-gunun-firsatlari-2kg-362659849.jpg",
    "ürün url:": "https://www.petlebi.com/kedi-urunleri/morando-professional-balikli-yetiskin-kedi-mamasi-2kg.html",
    "barkod: ": "8007520100021",
    "skt:": "27.04.2025",
    "marka:": "Morando",
    "stok adedi:": "4 Adet",
    "ürün acıklama:": "Yetişkin kediler için kuru mama.",
    "ürün id:": "product36265",
    "category:": "Kedi Ürünleri > Kedi Maması > Yetişkin Kedi Maması"
  },
  {
    "ürün adı:": "Jungle Tavuklu ve Balıklı Yetişkin Kedi Maması 15kg",
    "urun fiyatı:": "1.699 TL",
    "indirimsiz fiyat:": "2.001 TL",
    "ürün resmi:.": "//images.petlebi.com/v7/_ptlb/up/ecommerce/product/xs_jungle-yetiskin-kedi-mamasi-73289550.jpg",
    "ürün url:": "https://www.petlebi.com/kedi-urunleri/jungle-tavuk-ve-balikli-yetiskin-kedi-mamasi-15kg.html",
    "barkod: ": "8681299601882",
    "skt:": "14.02.2025",
    "marka:": "Jungle",
    "stok adedi:": "30 Adet",
    "ürün acıklama:": "Jungle Tüm Irklar İçin Tavuk Ve Balıklı Tam Dengeli Yetişkin Kedi Maması",
    "ürün id:": "product7328",
    "category:": "Kedi Ürünleri > Kedi Maması > Yetişkin Kedi Maması"
  },
  {
    "ürün adı:": "Optimeal Extra Shine Morina Balıklı Parlak Tüy Gelişimini Destekleyen Yetişkin Kedi Maması 700gr",
    "urun fiyatı:": "315 TL",
    "indirimsiz fiyat:": "371 TL",
    "ürün resmi:.": "//images.petlebi.com/v7/_ptlb/up/ecommerce/product/xs_optimeal-yetiskin-kedi-mamasi-1kg-286878874.jpg",
    "ürün url:": "https://www.petlebi.com/kedi-urunleri/optimeal-extra-shine-morina-balikli-parlak-tuy-gelisimini-destekleyen-yetiskin-kedi-mamasi-1-5kg.html",
    "barkod: ": "4820215364447",
    "skt:": "13.06.2025",
    "marka:": "Optimeal",
    "stok adedi:": "1 Adet",
    "ürün acıklama:": "Optimeal morina balıklı, içeriğinde bulunan omege 3 & 6 yağ asitler ve çinko ve biotin katkısı ile tüm ırktaki ve yaştaki yetişkin ve yaşlılık dönemindeki tüm evrelerinde kullanabileceğiniz, morina balık eti ile besleyici değeri yüksek protein kaynakları içeren yetişkin kedi mamasıdır.",
    "ürün id:": "product28687",
    "category:": "Kedi Ürünleri > Kedi Maması > Yetişkin Kedi Maması"
  },
  {
    "ürün adı:": "CIAO Sugoi Crunchy Bağışıklık Sistemi Destekleyici Ton Balıklı Prebiotik Kedi Maması 22gr (5'li)",
    "urun fiyatı:": "179 TL",
    "indirimsiz fiyat:": "211 TL",
    "ürün resmi:.": "//images.petlebi.com/v7/_ptlb/up/ecommerce/product/xs_ciao-yetiskin-kedi-mamasi-0kg-377882450.jpg",
    "ürün url:": "https://www.petlebi.com/kedi-urunleri/ciao-sugoi-crunchy-bagisiklik-sistemi-destekleyici-ton-balikli-prebiotik-kedi-mamasi-22gr-5-li.html",
    "barkod: ": "8859387701923",
    "skt:": "01.05.2025",
    "marka:": "INABA & CIAO",
    "stok adedi:": "6 Adet",
    "ürün acıklama:": "Prebiyotiklerle zenginleştirilmiş, antioksidanlarla dolu ve lezzetli bir öğün alternatifidir.",
    "ürün id:": "product37788",
    "category:": "Kedi Ürünleri > Kedi Maması > Yetişkin Kedi Maması"
  },
  {
    "ürün adı:": "Cat Chow Kitten Tavuklu Yavru Kedi Maması 15kg",
    "urun fiyatı:": "1.849 TL",
    "indirimsiz fiyat:": "2.204 TL",
    "ürün resmi:.": "//images.petlebi.com/v7/_ptlb/up/ecommerce/product/xs_cat-chow-yavru-kedi-mamasi-15kg-150999792.jpg",
    "ürün url:": "https://www.petlebi.com/kedi-urunleri/cat-chow-kitten-tavuklu-yavru-kedi-mamasi-15kg.html",
    "barkod: ": "5997204514028",
    "skt:": "30.04.2025",
    "marka:": "Cat Chow",
    "stok adedi:": "24 Adet",
    "ürün acıklama:": "Kediniz 12 aylık olana kadar yavru sayılmaktadır. Büyüme periyodu kritik bir dönemdir ve kedinizin ileri yaştaki sağlığını ve huzurunu etkiler. Bu sebeple evcil kedilerinizin ırkına ve özelliklerine göre uygun mamalar tercih edilmelidir. Yavru kedi maması yüksek oranda kaliteli protein içermelidir.",
    "ürün id:": "product15099",
    "category:": "Kedi Ürünleri > Kedi Maması > Yavru Kedi Maması"
  },
  {
    "ürün adı:": "Reflex Tavuklu ve Pirinçli Yavru Kedi Maması 15kg",
    "urun fiyatı:": "1.849 TL",
    "indirimsiz fiyat:": "2.207 TL",
    "ürün resmi:.": "//images.petlebi.com/v7/_ptlb/up/ecommerce/product/xs_reflex-yavru-kedi-mamasi-15kg-33164302.jpg",
    "ürün url:": "https://www.petlebi.com/kedi-urunleri/reflex-tavuklu-yavru-kedi-mamasi-15kg.html",
    "barkod: ": "8698995028806",
    "skt:": "26.08.2025",
    "marka:": "Reflex",
    "stok adedi:": "27 Adet",
    "ürün acıklama:": "Formülünde hayvansal protein kaynağı olarak tavuk bulunan Reflex Kitten, yavru kedilerin günlük enerji ihtiyaçlarını tam olarak karşılar. Reflex Kitten yavru kedilerin gelişimlerini destekler ve sağlıklılık durumunun devamlılığını sağlar.",
    "ürün id:": "product3316",
    "category:": "Kedi Ürünleri > Kedi Maması > Yavru Kedi Maması"
  },
  {
    "ürün adı:": "N&D Tropical Selection Tavuklu ve Tropikal Meyveli Kısırlaştırılmış Kedi Maması 4kg+1kg HEDİYE!",
    "urun fiyatı:": "1.349 TL",
    "indirimsiz fiyat:": "1.641 TL",
    "ürün resmi:.": "//images.petlebi.com/v7/_ptlb/up/ecommerce/product/xs_nd-kisirlastirilmis-kedi-mamasi-5kg-348854375.jpg",
    "ürün url:": "https://www.petlebi.com/kedi-urunleri/n-d-tropical-selection-tavuklu-ve-tropikal-meyveli-kisirlastirilmis-kedi-mamasi-4kg-1kg-hediye.html",
    "barkod: ": "8010276042217",
    "skt:": "11.04.2025",
    "marka:": "N&D",
    "stok adedi:": "8 Adet",
    "ürün acıklama:": "Tavuk, kılçıksız buğday, yulaf ve tropikal meyveli yetişkin kısır kediler için formüle edilmiş tam mamadır.",
    "ürün id:": "product34885",
    "category:": "Kedi Ürünleri > Kedi Maması > Kısırlaştırılmış Kedi Maması"
  },
  {
    "ürün adı:": "Exclusion Monoprotein Tavuklu ve Narlı Düşük Tahıllı Kısırlaştırılmış Kedi Maması 1,5kg",
    "urun fiyatı:": "489 TL",
    "indirimsiz fiyat:": "579 TL",
    "ürün resmi:.": "//images.petlebi.com/v7/_ptlb/up/ecommerce/product/xs_exclusion-kisirlastirilmis-kedi-mamasi-1kg-163743732.jpg",
    "ürün url:": "https://www.petlebi.com/kedi-urunleri/exclusion-mono-protein-uriner-sagligi-icin-tavuklu-dusuk-tahilli-kisirlastirilmis-kedi-mamasi-1-5kg.html",
    "barkod: ": "8011259003751",
    "skt:": "30.05.2025",
    "marka:": "Exclusion",
    "stok adedi:": "23 Adet",
    "ürün acıklama:": "İtalya'da Üretilmiştir",
    "ürün id:": "product16374",
    "category:": "Kedi Ürünleri > Kedi Maması > Kısırlaştırılmış Kedi Maması"
  },
  {
    "ürün adı:": "Cat Chow Tavuklu Kısırlaştırılmış Kedi Maması 3kg",
    "urun fiyatı:": "569 TL",
    "indirimsiz fiyat:": "681 TL",
    "ürün resmi:.": "//images.petlebi.com/v7/_ptlb/up/ecommerce/product/xs_cat-chow-kisirlastirilmis-kedi-mamasi-3kg-231439960.jpg",
    "ürün url:": "https://www.petlebi.com/kedi-urunleri/cat-chow-tavuk-etli-kisirlastirilmis-kedi-mamasi-3kg.html",
    "barkod: ": "7613033363603",
    "skt:": "30.10.2024",
    "marka:": "Cat Chow",
    "stok adedi:": "43 Adet",
    "ürün acıklama:": "Cat Chow sterilized, kısırlaştırılmış dişi ve erkek kedilerin ideal vücut kondisyonunu korumaya yardımcı olmak amacıyla formüle edilmiştir.",
    "ürün id:": "product23143",
    "category:": "Kedi Ürünleri > Kedi Maması > Kısırlaştırılmış Kedi Maması"
  },
  {
    "ürün adı:": "Brit Veterinary Diet Hypo-Allergenic Cilt Sağlığı Destekleyici Tahılsız Kedi Maması 5kg",
    "urun fiyatı:": "2.100 TL",
    "indirimsiz fiyat:": "2.400 TL",
    "ürün resmi:.": "//images.petlebi.com/v7/_ptlb/up/ecommerce/product/xs_brit-care-kedi-veteriner-diyet-mamasi-5kg-285766067.jpg",
    "ürün url:": "https://www.petlebi.com/kedi-urunleri/brit-veterinary-diet-hypo-allergenic-cilt-sagligi-destekleyici-tahilsiz-kedi-mamasi-5kg.html",
    "barkod: ": "8595602528394",
    "skt:": "13.04.2025",
    "marka:": "Brit Care",
    "stok adedi:": "19 Adet",
    "ürün acıklama:": "Dermatitli veya gıda alerjili kedilerin uzun dönem beslenmesi için somonlu ve bezelyeli tam diyetetik mama.",
    "ürün id:": "product28576",
    "category:": "Kedi Ürünleri > Kedi Maması > Veteriner Diyet Maması"
  },
  {
    "ürün adı:": "N&D Tropical Selection Tavuklu ve Tropikal Meyveli Yetişkin Kedi Maması 1,5kg",
    "urun fiyatı:": "589 TL",
    "indirimsiz fiyat:": "697 TL",
    "ürün resmi:.": "//images.petlebi.com/v7/_ptlb/up/ecommerce/product/xs_nd-yetiskin-kedi-mamasi-1kg-348675869.jpg",
    "ürün url:": "https://www.petlebi.com/kedi-urunleri/n-d-tropical-selection-tavuklu-ve-tropikal-meyveli-yetiskin-kedi-mamasi-1-5kg.html",
    "barkod: ": "8010276042163",
    "skt:": "26.06.2025",
    "marka:": "N&D",
    "stok adedi:": "8 Adet",
    "ürün acıklama:": "Tavuk, kılçıksız buğday, yulaf ve tropikal meyveli yetişkin kediler için formüle edilmiş tam mamadır.",
    "ürün id:": "product34867",
    "category:": "Kedi Ürünleri > Kedi Maması > Yetişkin Kedi Maması"
  },
  {
    "ürün adı:": "LaVital Kilo Kontrolü için Somonlu Kısırlaştırılmış Kedi Maması 12kg",
    "urun fiyatı:": "1.349 TL",
    "indirimsiz fiyat:": "1.598 TL",
    "ürün resmi:.": "//images.petlebi.com/v7/_ptlb/up/ecommerce/product/xs_lavital-yetiskin-kedi-mamasi-12kg-148148509.jpg",
    "ürün url:": "https://www.petlebi.com/kedi-urunleri/lavital-cat-ad-ster-sal-12-kg.html",
    "barkod: ": "8681612751829",
    "skt:": "11.09.2025",
    "marka:": "LaVital",
    "stok adedi:": "2 Adet",
    "ürün acıklama:": "LaVital Somonlu Kedi Maması kısırlaştırılmış kediler için özel olarak üretilen bir kedi mamasıdır. İçeriğinde yer alan zengin besinler ile kısırlaştırılmış yetişkin kedilerin günlük besin ihtiyaçları karşılanabilmektedir. LaVital Sterilised Somonlu Kısırlaştırılmış Kedi Mamasını kedilerinizin dengeli ve sağlıklı beslenmeleri için kullanabilirsiniz.",
    "ürün id:": "product14814",
    "category:": "Kedi Ürünleri > Kedi Maması > Light Kedi Maması"
  },
  {
    "ürün adı:": "Brit Premium By Nature Somonlu Kısırlaştırılmış Kedi Maması 8kg",
    "urun fiyatı:": "1.649 TL",
    "indirimsiz fiyat:": "1.990 TL",
    "ürün resmi:.": "//images.petlebi.com/v7/_ptlb/up/ecommerce/product/xs_brit-care-kisirlastirilmis-kedi-mamasi-8kg-330433809.jpg",
    "ürün url:": "https://www.petlebi.com/kedi-urunleri/brit-premium-by-nature-sterilised-kisirlastirilmis-somonlu-kedi-mamasi-8kg.html",
    "barkod: ": "8595602553259",
    "skt:": "09.06.2025",
    "marka:": "Brit Care",
    "stok adedi:": "16 Adet",
    "ürün acıklama:": null,
    "ürün id:": "product33043",
    "category:": "Kedi Ürünleri > Kedi Maması > Kısırlaştırılmış Kedi Maması"
  },
  {
    "ürün adı:": "Reflex Plus Tavuklu Kısırlaştırılmış Kedi Maması 15kg",
    "urun fiyatı:": "1.999 TL",
    "indirimsiz fiyat:": "2.459 TL",
    "ürün resmi:.": "//images.petlebi.com/v7/_ptlb/up/ecommerce/product/xs_reflex-kedi-petshop-urunleri-35761798.jpg",
    "ürün url:": "https://www.petlebi.com/kedi-urunleri/reflex-plus-tavuklu-kisirlastirilmis-kedi-mamasi-15kg-1.html",
    "barkod: ": "8698995003629",
    "skt:": "29.07.2025",
    "marka:": "Reflex",
    "stok adedi:": "26 Adet",
    "ürün acıklama:": "*Reflex Plus Tavuklu Kısırlaştırılmış Kedi Maması 15 Kg 12 aylıktan büyük, kısırlaştırılmış ve/veya aşırı kilolu ve aktif olmayan kediler için tam ve dengeli formüle edilmiş, tavuklu, süper premium kuru kedi mamasıdır.",
    "ürün id:": "product3576",
    "category:": "Kedi Ürünleri > Kedi Maması > Kısırlaştırılmış Kedi Maması"
  },
  {
    "ürün adı:": "Miglior Gatto Sığır Etli Kısırlaştırılmış Kedi Maması 400gr",
    "urun fiyatı:": "127 TL",
    "indirimsiz fiyat:": "149 TL",
    "ürün resmi:.": "//images.petlebi.com/v7/_ptlb/up/ecommerce/product/xs_miglior-gatto-kisirlastirilmis-kedi-mamasi-0kg-362774003.jpg",
    "ürün url:": "https://www.petlebi.com/kedi-urunleri/miglior-gatto-sigir-etli-kisirlastirilmis-kedi-mamasi-400gr.html",
    "barkod: ": "8007520014854",
    "skt:": "20.04.2025",
    "marka:": "Miglior Gatto",
    "stok adedi:": "11 Adet",
    "ürün acıklama:": "Kısırlaştırılmış kediler için kuru mama.",
    "ürün id:": "product36277",
    "category:": "Kedi Ürünleri > Kedi Maması > Kısırlaştırılmış Kedi Maması"
  },
  {
    "ürün adı:": "N&D Ocean Morina Balıklı ve Portakallı Ata Tahıllı Yetişkin Kedi Maması 5kg",
    "urun fiyatı:": "2.599 TL",
    "indirimsiz fiyat:": "3.084 TL",
    "ürün resmi:.": "//images.petlebi.com/v7/_ptlb/up/ecommerce/product/xs_nd-yetiskin-kedi-mamasi-5kg-31378800.jpg",
    "ürün url:": "https://www.petlebi.com/kedi-urunleri/nd-adult-morina-balikli-ve-portakalli-dusuk-tahilli-yetiskin-kedi-mamasi-5kg.html",
    "barkod: ": "8010276036797",
    "skt:": "27.06.2025",
    "marka:": "N&D",
    "stok adedi:": "24 Adet",
    "ürün acıklama:": "Morina balığı ve portakallı ata tahıllı yetişkin kedi mamasıdır.",
    "ürün id:": "product3137",
    "category:": "Kedi Ürünleri > Kedi Maması > Yetişkin Kedi Maması"
  },
  {
    "ürün adı:": "N&D Spirulina Ringa Balıklı Tahılsız Yetişkin Kedi Maması 1,5kg",
    "urun fiyatı:": "1.349 TL",
    "indirimsiz fiyat:": "1.627 TL",
    "ürün resmi:.": "//images.petlebi.com/v7/_ptlb/up/ecommerce/product/xs_nd-yetiskin-kedi-mamasi-1kg-358932096.jpg",
    "ürün url:": "https://www.petlebi.com/kedi-urunleri/n-d-spirulina-ringa-balikli-tahilsiz-yetiskin-kedi-mamasi-1-5kg.html",
    "barkod: ": "8010276041135",
    "skt:": "25.02.2025",
    "marka:": "N&D",
    "stok adedi:": "1 Adet",
    "ürün acıklama:": "Yetişkin kediler için formüle edilmiş tam mamadır.",
    "ürün id:": "product35893",
    "category:": "Kedi Ürünleri > Kedi Maması > Yetişkin Kedi Maması"
  },
  {
    "ürün adı:": "Vet Prive Tavuklu Yavru Kedi Maması 10kg+Tırmalama Tahtası HEDİYE!",
    "urun fiyatı:": "1.749 TL",
    "indirimsiz fiyat:": "2.075 TL",
    "ürün resmi:.": "//images.petlebi.com/v7/_ptlb/up/ecommerce/product/xs_vet-prive-yavru-kedi-mamasi-10kg-353546080.jpg",
    "ürün url:": "https://www.petlebi.com/kedi-urunleri/vet-prive-tavuklu-yavru-kedi-mamasi-10kg.html",
    "barkod: ": "8683079748978",
    "skt:": "11.02.2025",
    "marka:": "Vet Prive",
    "stok adedi:": "1 Adet",
    "ürün acıklama:": null,
    "ürün id:": "product35354",
    "category:": "Kedi Ürünleri > Kedi Maması > Yavru Kedi Maması"
  },