

[
{"ürün adı:": "Garden Mix Kokusuz Kemirgen Talaşı 15lt", "urun fiyatı:": "33 TL", "indirimsiz fiyat:": "45 TL", "ürün resmi:.": "//images.petlebi.com/v7/_ptlb/up/ecommerce/product/xs_garden-mix-tavsan-talasi-358694692.jpg", "ürün url:": "https://www.petlebi.com/kemirgen-urunleri/gardenmix-kokusuz-kemirgen-talasi-15lt.html", "barkod: ": "8681085424374", "skt:": null, "marka:": "Garden Mix", "stok adedi:": "10 Adet", "ürün acıklama:": "Tavşan, hamster, guiena pig gibi tüm kemirgenler için kullanıma uygundur.", "ürün id:": "product35869", "category:": "Kemirgen Ürünleri > Tavşan Ürünleri > Tavşan Talaşı"},
{"ürün adı:": "Pet's Family Tavşan Yemi 800gr", "urun fiyatı:": "56 TL", "indirimsiz fiyat:": "75 TL", "ürün resmi:.": "//images.petlebi.com/v7/_ptlb/up/ecommerce/product/xs_pets-family-tavsan-yemi-0kg-358729301.jpg", "ürün url:": "https://www.petlebi.com/kemirgen-urunleri/pet-s-family-tavsan-yemi-800gr.html", "barkod: ": "8681085421977", "skt:": "30.07.2025", "marka:": "Pet's Family", "stok adedi:": "31 Adet", "ürün acıklama:": "\nTavşanların sağlıklı bir hayat sürdürmeleri için gerekli tüm besinleri içinde bulunduran, lif açısından zengin ve lezzetli bir yemdir.", "ürün id:": "product35872", "category:": "Kemirgen Ürünleri > Tavşan Ürünleri > Tavşan Yemi"},
{"ürün adı:": "Garden Mix Platin Tavşan Yemi 1kg", "urun fiyatı:": "79 TL", "indirimsiz fiyat:": "105 TL", "ürün resmi:.": "//images.petlebi.com/v7/_ptlb/up/ecommerce/product/xs_garden-mix-tavsan-yemi-1kg-359115812.jpg", "ürün url:": "https://www.petlebi.com/kemirgen-urunleri/garden-mix-platin-tavsan-yemi-1kg.html", "barkod: ": "8681085421212", "skt:": "30.03.2025", "marka:": "Garden Mix", "stok adedi:": "23 Adet", "ürün acıklama:": "Tavşanların aktif ve sağlıklı bir hayat sürmeleri için gerekli tüm besinleri içinde bulunduran, lif açısından zengin ve lezzetli bir yemdir.", "ürün id:": "product35911", "category:": "Kemirgen Ürünleri > Tavşan Ürünleri > Tavşan Yemi"},
{"ürün adı:": "Garden Mix Platin Guinea Pig Yemi 1kg", "urun fiyatı:": "79 TL", "indirimsiz fiyat:": "105 TL", "ürün resmi:.": "//images.petlebi.com/v7/_ptlb/up/ecommerce/product/xs_garden-mix-guinea-pig-yemi-1kg-358755842.jpg", "ürün url:": "https://www.petlebi.com/kemirgen-urunleri/garden-mix-platin-guinea-pig-yemi-1kg.html", "barkod: ": "8681085424916", "skt:": "30.04.2025", "marka:": "Garden Mix", "stok adedi:": "34 Adet", "ürün acıklama:": "Guinea Pig için lezzetli, lif açısından zengin, yüksek kaliteli yem karışımıdır.", "ürün id:": "product35875", "category:": "Kemirgen Ürünleri > Guinea Pig Ürünleri > Guinea Pig Yemi"},
{"ürün adı:": "Trixie Kedi Köpek ve Kemirgenler İçin Gözyaşı Lekesi Temizleyicisi 50ml", "urun fiyatı:": "279 TL", "indirimsiz fiyat:": "395 TL", "ürün resmi:.": "//images.petlebi.com/v7/_ptlb/up/ecommerce/product/xs_trixie-kedi-goz-bakimi-7636994.jpg", "ürün url:": "https://www.petlebi.com/kedi-urunleri/trixie-kedikopek-gozyasi-lekesi-temizleyicisi-50ml.html", "barkod: ": "4011905025599", "skt:": null, "marka:": "Trixie", "stok adedi:": "30 Adet", "ürün acıklama:": "Kedi , köpek ve tüm petler için uygundur. Sulanan gözlerden ötürü oluşan lekelerin temizlenmesinde kullanılmaktadır. Küçük bir parça pamuğa damlatılır ve göz kapağı ve çevresi silinerek temizlenir. Temizlik esnasında kesinlikle göze bastırmayınız ve basınç uygulamayınız damlayı göze kesinlikle damlatmayınız. Ürün 50 ml'dir.", "ürün id:": "product763", "category:": "Köpek Ürünleri > Bakım ve Temizlik Ürünleri > Göz Bakımı"},
{"ürün adı:": "EuroGold New Zeland Hamster Yemi 500gr", "urun fiyatı:": "43 TL", "indirimsiz fiyat:": "58 TL", "ürün resmi:.": "//images.petlebi.com/v7/_ptlb/up/ecommerce/product/xs_eurogold-hamster-yemi-0kg-361896047.jpg", "ürün url:": "https://www.petlebi.com/kemirgen-urunleri/euro-gold-new-zeland-hamster-yemi-500gr.html", "barkod: ": "8681144130864", "skt:": "01.12.2025", "marka:": "EuroGold", "stok adedi:": "25 Adet", "ürün acıklama:": "Hamsterların doğal beslenme alışkanlıklarına uygun hazırlanmış tam yemdir.", "ürün id:": "product36189", "category:": "Kemirgen Ürünleri > Hamster Ürünleri > Hamster Yemi"},
{"ürün adı:": "EuroGold Premium Kemirgenler İçin Kuru Yonca 300gr", "urun fiyatı:": "46 TL", "indirimsiz fiyat:": "62 TL", "ürün resmi:.": "//images.petlebi.com/v7/_ptlb/up/ecommerce/product/xs_eurogold-tavsan-yemi-36580237.jpg", "ürün url:": "https://www.petlebi.com/kemirgen-urunleri/eurogold-premium-kemirgenler-icin-kuru-yonca-300gr.html", "barkod: ": "8681144130307", "skt:": "20.03.2026", "marka:": "EuroGold", "stok adedi:": "10 Adet", "ürün acıklama:": "Kuru yonca güneşte kurutulmuş olması ve besin değeri açısından yüksek olması sebebiyle kemirgenler için hem ana, hem de ödül yemi olarak kullanılabilir.", "ürün id:": "product36580", "category:": "Kemirgen Ürünleri > Tavşan Ürünleri > Tavşan Yemi"},
{"ürün adı:": "GimCat Malt-Soft Extra Tüy Yumağı Önleyici Kedi Macunu 100gr", "urun fiyatı:": "429 TL", "indirimsiz fiyat:": "576 TL", "ürün resmi:.": "//images.petlebi.com/v7/_ptlb/up/ecommerce/product/xs_gimpet-kedi-macun-odulleri-2911012.jpg", "ürün url:": "https://www.petlebi.com/kedi-urunleri/gimpet-kediler-icin-malt-soft-extra-pasta-100gr.html", "barkod: ": "4002064407517", "skt:": "30.03.2025", "marka:": "Gimpet", "stok adedi:": "100 Adet", "ürün acıklama:": "Tüy yumaklarının dışkı yoluyla çıkarılmasını ve mide-bağırsak yolu sağlığını destekler.", "ürün id:": "product291", "category:": "Kedi Ürünleri > Vitaminler ve Ek Besinler > Macun "},
{"ürün adı:": "Vet's Plus Glucosamine Kedi ve Köpek Eklem Sağlığı Güçlendirici Glukozamin Tablet (100'lü)", "urun fiyatı:": "169 TL", "indirimsiz fiyat:": "232 TL", "ürün resmi:.": "//images.petlebi.com/v7/_ptlb/up/ecommerce/product/xs_vet-s-plus-kedi-tablet-odulleri-134236832.jpg", "ürün url:": "https://www.petlebi.com/kedi-urunleri/vet-s-plus-eklem-sagligi-destekleyici-glukozamin-kedi-ve-kopek-vitamin-tableti-100-lu.html", "barkod: ": "8680589174570", "skt:": "10.01.2026", "marka:": "Vet's Plus", "stok adedi:": "100 Adet", "ürün acıklama:": "Glukozamin tablet, kedi ve köpeğinizin iskelet gelişiminde destek olması için özel olarak formüle edilmiş bir takviyedir. ", "ürün id:": "product13423", "category:": "Kedi Ürünleri > Vitaminler ve Ek Besinler > Tablet"},
{"ürün adı:": "Proline Süper Topaklanan İnce Taneli Parfümsüz Bentonit Kedi Kumu 10lt", "urun fiyatı:": "169 TL", "indirimsiz fiyat:": "245 TL", "ürün resmi:.": "//images.petlebi.com/v7/_ptlb/up/ecommerce/product/xs_pro-line-firsat-petshop-urunleri-32968078.jpg", "ürün url:": "https://www.petlebi.com/kedi-urunleri/pro-line-super-topaklanan-ince-taneli-parfumsuz-kedi-kumu-10lt.html", "barkod: ": "8698995010139", "skt:": null, "marka:": "Proline", "stok adedi:": "100 Adet", "ürün acıklama:": "Proline kedi kumu içeriğinde tamamen doğal hammadeler kullanılması sebebiyle sizin ve kedinizin sağlığına zarar verecek herhangi bir kimyasal bulunmamaktadır.", "ürün id:": "product3296", "category:": "Kedi Ürünleri > Kedi Kumu > Doğal Bentonit Kedi Kumu"},
{"ürün adı:": "VERSELE-LAGA Crispy Muesli Guinea Pig Yemi 1kg", "urun fiyatı:": "159 TL", "indirimsiz fiyat:": "214 TL", "ürün resmi:.": "//images.petlebi.com/v7/_ptlb/up/ecommerce/product/xs_versele-laga-guinea-pig-yemi-1kg-366014215.jpg", "ürün url:": "https://www.petlebi.com/kemirgen-urunleri/versele-laga-crispy-muesli-guinea-pig-yemi-1kg.html", "barkod: ": "5410340617113", "skt:": "26.04.2025", "marka:": "VERSELE-LAGA", "stok adedi:": "30 Adet", "ürün acıklama:": "Guinea Pig için C vitamini içeren, lif açısından zengin, lezzetli bir tam besindir.", "ürün id:": "product36601", "category:": "Kemirgen Ürünleri > Guinea Pig Ürünleri > Guinea Pig Yemi"},
{"ürün adı:": "Pro Plan Kitten Tavuklu ve Pirinçli Yavru Kedi Maması 1,5kg", "urun fiyatı:": "409 TL", "indirimsiz fiyat:": "483 TL", "ürün resmi:.": "//images.petlebi.com/v7/_ptlb/up/ecommerce/product/xs_pro-plan-yavru-kedi-mamasi-1kg-1173275.jpg", "ürün url:": "https://www.petlebi.com/kedi-urunleri/pro-plan-tavuklu-ve-pirincli-yavru-kedi-mamasi-15kg.html", "barkod: ": "7613036505178", "skt:": "30.06.2025", "marka:": "Pro Plan", "stok adedi:": "100 Adet", "ürün acıklama:": null, "ürün id:": "product117", "category:": "Kedi Ürünleri > Kedi Maması > Yavru Kedi Maması"},
{"ürün adı:": "Petsand Ekstra Aktif Karbonlu Doğal Gri Bentonit Topaklanan Kedi Kumu 10lt", "urun fiyatı:": "199 TL", "indirimsiz fiyat:": "288 TL", "ürün resmi:.": "//images.petlebi.com/v7/_ptlb/up/ecommerce/product/xs_petsand-gunun-firsatlari-361801667.jpg", "ürün url:": "https://www.petlebi.com/kedi-urunleri/petsand-aktif-karbonlu-bentonit-kedi-kumu-10lt.html", "barkod: ": "8683655071421", "skt:": null, "marka:": "Petsand", "stok adedi:": "89 Adet", "ürün acıklama:": "İçeriğindeki aktif karbon taneleri sayesinde ekstra koku kontrolü sağlar.", "ürün id:": "product36180", "category:": "Kedi Ürünleri > Kedi Kumu > Doğal Bentonit Kedi Kumu"},
{"ürün adı:": "Euro Gold Deluxe Blend Kemirgen Yemi 1kg", "urun fiyatı:": "93 TL", "indirimsiz fiyat:": "125 TL", "ürün resmi:.": "//images.petlebi.com/v7/_ptlb/up/ecommerce/product/xs_eurogold-tavsan-yemi-1kg-365686399.jpg", "ürün url:": "https://www.petlebi.com/kemirgen-urunleri/euro-gold-deluxe-blend-kemirgen-yemi-1kg.html", "barkod: ": "8681144130826", "skt:": "31.01.2026", "marka:": "EuroGold", "stok adedi:": "24 Adet", "ürün acıklama:": "Kemirgenlerin doğal beslenme alışkanlıklarına uygun hazırlanmış vitamin ve minarelleri içeriğinde bulunduran %100 doğal, karışık yemdir.", "ürün id:": "product36568", "category:": "Kemirgen Ürünleri > Tavşan Ürünleri > Tavşan Yemi"},
{"ürün adı:": "Pro Plan Tavuklu ve Pirinçli Yetişkin Kedi Maması 3kg", "urun fiyatı:": "739 TL", "indirimsiz fiyat:": "882 TL", "ürün resmi:.": "//images.petlebi.com/v7/_ptlb/up/ecommerce/product/xs_pro-plan-yetiskin-kedi-mamasi-3kg-1169269.jpg", "ürün url:": "https://www.petlebi.com/kedi-urunleri/pro-plan-tavuklu-yetiskin-kedi-mamasi-3-kg.html", "barkod: ": "7613036508001", "skt:": "30.05.2025", "marka:": "Pro Plan", "stok adedi:": "54 Adet", "ürün acıklama:": "PRO PLAN® Original Tavuklu tam kuru kedi maması, yetişkin kedinizin bir öğünde ihtiyacı olan tüm besinsel öğeleri içerirken kedinizin böbrek sağlığınının korunmasına destek olur.", "ürün id:": "product116", "category:": "Kedi Ürünleri > Kedi Maması > Yetişkin Kedi Maması"},
{"ürün adı:": "Pro Plan Somonlu ve Pirinçli Yetişkin Kedi Maması 3kg", "urun fiyatı:": "799 TL", "indirimsiz fiyat:": "947 TL", "ürün resmi:.": "//images.petlebi.com/v7/_ptlb/up/ecommerce/product/xs_pro-plan-yetiskin-kedi-mamasi-3kg-1157071.jpg", "ürün url:": "https://www.petlebi.com/kedi-urunleri/pro-plan-somonlu-pirincli-yetiskin-kedi-mamasi-3kg.html", "barkod: ": "7613036508247", "skt:": "30.06.2025", "marka:": "Pro Plan", "stok adedi:": "50 Adet", "ürün acıklama:": "PRO PLAN® Original Somonlu tam kuru kedi maması, yetişkin kedinizin bir öğünde ihtiyacı olan tüm besinsel öğeleri içerirken kedinizin duyularının sağlığınının korunmasına destek olur.", "ürün id:": "product115", "category:": "Kedi Ürünleri > Kedi Maması > Yetişkin Kedi Maması"},
{"ürün adı:": "Hill's SCIENCE PLAN Healthy Development Ton Balıklı Yavru Kedi Maması 1kg+500gr HEDİYE!", "urun fiyatı:": "425 TL", "indirimsiz fiyat:": "501 TL", "ürün resmi:.": "//images.petlebi.com/v7/_ptlb/up/ecommerce/product/xs_hills-yavru-kedi-mamasi-1kg-3597877.jpg", "ürün url:": "https://www.petlebi.com/kedi-urunleri/hills-kitten-healty-develoment-ton-balikli-yavru-kedi-mamasi-2-kg.html", "barkod: ": "052742059655", "skt:": "30.05.2025", "marka:": "Hill's", "stok adedi:": "100 Adet", "ürün acıklama:": "3 haftalıktan 12 aya kadar kedilerin sağlıklı gelişmesi ve dış etkilere hassas oldukları bu dönemde bağışıklık sistemlerinin kuvvetlendirilmesi için geliştirilen Hills's Ton Balıklı Yavru kedi maması içeriğindeki E ve C gibi vitaminlerle bağışıklık sistemini destekler.", "ürün id:": "product359", "category:": "Kedi Ürünleri > Kedi Maması > Yavru Kedi Maması"},
{"ürün adı:": "Pro Plan Derma Care Somonlu Tüy Yumağı Önleyici Yetişkin Kedi Maması 3kg", "urun fiyatı:": "799 TL", "indirimsiz fiyat:": "952 TL", "ürün resmi:.": "//images.petlebi.com/v7/_ptlb/up/ecommerce/product/xs_pro-plan-cok-satanlar-3kg-1221356.jpg", "ürün url:": "https://www.petlebi.com/kedi-urunleri/pro-plan-derma-plus-tuy-yumagi-icin-somonlu-kedi-mamasi-3kg.html", "barkod: ": "7613036529181", "skt:": "30.06.2025", "marka:": "Pro Plan", "stok adedi:": "100 Adet", "ürün acıklama:": "PRO PLAN® Somonlu tam kuru kedi maması, yetişkin kedinizin bir öğünde ihtiyacı olan tüm besinsel öğeleri içerirken kedinizin deri ve tüy sağlığınının korunmasına destek olur.", "ürün id:": "product122", "category:": "Kedi Ürünleri > Kedi Maması > Yetişkin Kedi Maması"},
{"ürün adı:": "Versele-Laga Kondisyon Arttırıcı Güvercin Yem Katkısı 20kg", "urun fiyatı:": "2.999 TL", "indirimsiz fiyat:": "5.054 TL", "ürün resmi:.": "//images.petlebi.com/v7/_ptlb/up/ecommerce/product/xs_versele-laga-papagan-yemi-103185654.jpg", "ürün url:": "https://www.petlebi.com/kus-urunleri/versele-laga-kondisyon-arttirici-guvercin-tohumu-20kg.html", "barkod: ": "5410340217610", "skt:": "07.06.2024", "marka:": "VERSELE-LAGA", "stok adedi:": "1 Adet", "ürün acıklama:": "Tüm kuş türleri için bağışıklık güçlendirici, kondisyon arttırıcı tohum karışımı.", "ürün id:": "product10318", "category:": "Kuş Ürünleri > Kuş Yemleri > Papağan Yemi"},
{"ürün adı:": "Rimba Top Kedi Oyuncağı 5cm (Karışık Renkli)", "urun fiyatı:": "4,99 TL", "indirimsiz fiyat:": "7 TL", "ürün resmi:.": "//images.petlebi.com/v7/_ptlb/up/ecommerce/product/xs_petlebi-kedi-top-oyuncagi-36775986.jpg", "ürün url:": "https://www.petlebi.com/kedi-urunleri/rimba-top-kedi-oyuncagi-karisik-renkli.html", "barkod: ": "8690000010566", "skt:": null, "marka:": "Rimba", "stok adedi:": "100 Adet", "ürün acıklama:": "Kedilerde ev içi hareketlilik sağlamak için ideal bir oyuncaktır. Her yaştan kedi için uygundur.", "ürün id:": "product36775", "category:": "Kedi Ürünleri > Kedi Oyuncağı > Top Kedi Oyuncağı"},
{"ürün adı:": "Royal Canin Sos İçinde Büyük Irk Yetişkin Köpek Konservesi 140gr", "urun fiyatı:": "37 TL", "indirimsiz fiyat:": "44 TL", "ürün resmi:.": "//images.petlebi.com/v7/_ptlb/up/ecommerce/product/xs_royal-canin-yetiskin-kopek-konservesi-0kg-373411855.jpg", "ürün url:": "https://www.petlebi.com/kopek-urunleri/royal-canin-sos-icinde-buyuk-irk-yetiskin-kopek-konservesi-140gr.html", "barkod: ": "9003579008492", "skt:": "25.10.2025", "marka:": "Royal Canin", "stok adedi:": "5 Adet", "ürün acıklama:": "Büyük ırk (26-44 kg arası), yetişkin köpekler için formüle edilmiştir.", "ürün id:": "product37341", "category:": "Köpek Ürünleri > Köpek Konserve Maması > Yetişkin Köpek Konservesi"},
{"ürün adı:": "Optimeal Carnivores Hindi Etli ve Sebzeli Tahılsız Yetişkin Köpek Maması 1,5kg", "urun fiyatı:": "689 TL", "indirimsiz fiyat:": "813 TL", "ürün resmi:.": "//images.petlebi.com/v7/_ptlb/up/ecommerce/product/xs_optimeal-yetiskin-kopek-mamasi-1kg-287355949.jpg", "ürün url:": "https://www.petlebi.com/kopek-urunleri/optimeal-hindi-etli-ve-sebzeli-tahilsiz-yetiskin-kopek-mamasi-1-5kg.html", "barkod: ": "4820083905902", "skt:": "14.08.2024", "marka:": "Optimeal", "stok adedi:": "1 Adet", "ürün acıklama:": "Optimeal hindi etli ve sebzeli yetişkin köpek maması, yetişkin köpeklerin tüm evrelerinde kullanabileceğiniz, hindi eti ve sebze (balkabağı, bezelye, havuç, kurutulmuş patates) içeriği ile protein zengin, karbonhidrat (tahıl içermez) bakımından düşük, yüksek lezzet ve sindirilebilirliğe sahip, sindirim sistemi ve bağışıklık sistemini koruyan, hypoallergenic, kas sağlığı için besleyici değeri yüksek protein kaynakları içeren yetişkin köpek mamasıdır.", "ürün id:": "product28735", "category:": "Köpek Ürünleri > Köpek Maması > Yetişkin Köpek Maması"},
{"ürün adı:": "ProChoice Sardalya ve Hamsi Etli Şekersiz Tahılsız Ezme Yetişkin Kedi Konservesi 400gr", "urun fiyatı:": "52 TL", "indirimsiz fiyat:": "63 TL", "ürün resmi:.": "//images.petlebi.com/v7/_ptlb/up/ecommerce/product/xs_pro-choice-yetiskin-kedi-konservesi-142103281.jpg", "ürün url:": "https://www.petlebi.com/kedi-urunleri/pro-choice-sardalya-ve-hamsi-etli-sekersiz-tahilsiz-ezme-yetiskin-kedi-konservesi-400gr.html", "barkod: ": "8681465602965", "skt:": "25.01.2027", "marka:": "ProChoice", "stok adedi:": "42 Adet", "ürün acıklama:": "Mineral ve vitaminlerle zenginleştirilmiş sardalya ve hamsi etli leziz ezme, tüm ırk yetişkin kediler için dengeli, sağlıklı ve günlük aktiviteleri için gerekli enerji ihtiyacını karşılayan tam bir besindir. ", "ürün id:": "product14210", "category:": "Kampanyalar Ürünleri > Günün Fırsatı"},
{"ürün adı:": "Pro Plan Somonlu Kısırlaştırılmış Kedi Maması 3kg", "urun fiyatı:": "819 TL", "indirimsiz fiyat:": "975 TL", "ürün resmi:.": "//images.petlebi.com/v7/_ptlb/up/ecommerce/product/xs_pro-plan-kisirlastirilmis-kedi-mamasi-3kg-1124852.jpg", "ürün url:": "https://www.petlebi.com/kedi-urunleri/pro-plan-sterilised-somonlu-ve-ton-balikli-kedi-mamasi-3kg.html", "barkod: ": "7613033560064", "skt:": "30.04.2025", "marka:": "Pro Plan", "stok adedi:": "100 Adet", "ürün acıklama:": null, "ürün id:": "product112", "category:": "Kedi Ürünleri > Kedi Maması > Kısırlaştırılmış Kedi Maması"},
{"ürün adı:": "Vet's Plus Tüy Yumaklarına Karşı %100 Doğal Fileli Kedi Çimi", "urun fiyatı:": "28,50 TL", "indirimsiz fiyat:": "40 TL", "ürün resmi:.": "//images.petlebi.com/v7/_ptlb/up/ecommerce/product/xs_vet-s-plus-kedi-cimi-1395272.jpg", "ürün url:": "https://www.petlebi.com/kedi-urunleri/vet-s-plus-tuy-yumaklarinin-atilmasina-yardimci-100-dogal-kedi-cimi.html", "barkod: ": "8680589175669", "skt:": null, "marka:": "Vet's Plus", "stok adedi:": "100 Adet", "ürün acıklama:": "Vet's Plus Kedi Çimi, kedinizin kendini temizlerken yuttuğu tüylerin rahatlıkla vücuttan atılması için yardımcı olur.", "ürün id:": "product13952", "category:": "Kedi Ürünleri > Kedi Bakım Ürünleri > Kedi Çimi"},
{"ürün adı:": "Vet's Plus Sağlıklı Kediler İçin Taurinli Multi-Vitamin Kedi Macunu 100gr", "urun fiyatı:": "149 TL", "indirimsiz fiyat:": "200 TL", "ürün resmi:.": "//images.petlebi.com/v7/_ptlb/up/ecommerce/product/xs_vet-s-plus-kedi-macun-odulleri-123751975.jpg", "ürün url:": "https://www.petlebi.com/kedi-urunleri/vet-s-plus-premium-taurinli-saglikli-kediler-icin-multi-vitamin-kedi-macunu-100gr.html", "barkod: ": "8680589173771", "skt:": "18.10.2025", "marka:": "Vet's Plus", "stok adedi:": "100 Adet", "ürün acıklama:": "Vet's Plus Premium taurinli sağlıklı kediler için multi vitamin kedi macunu, içeriğindeki metabolik gelişimi hızlandıran vitaminler sayesinde deri ve tüy sağlığının yanı sıra kedinize canlılık ve enerji kazandırır.", "ürün id:": "product12375", "category:": "Kedi Ürünleri > Vitaminler ve Ek Besinler > Macun "},
{"ürün adı:": "Happy Dog Sensible Mini Neuseeland Kuzu Etli Küçük Irk Yetişkin Köpek Maması 10kg", "urun fiyatı:": "2.299 TL", "indirimsiz fiyat:": "2.721 TL", "ürün resmi:.": "//images.petlebi.com/v7/_ptlb/up/ecommerce/product/xs_happy-dog-yetiskin-kopek-mamasi-10kg-130668673.jpg", "ürün url:": "https://www.petlebi.com/kopek-urunleri/happy-dog-mini-nueseeland-kuzu-etli-kucuk-irk-yetiskin-kopek-mamasi-8kg.html", "barkod: ": "4001967166187", "skt:": "25.10.2024", "marka:": "Happy Dog", "stok adedi:": "9 Adet", "ürün acıklama:": "Kolay sindirilebilir kuzu eti ve özellikle mide ve bağırsakları rahatlatan glütensiz tarifi ile gerçek bir ziyafet. Özenle seçilmiş, tamamen doğal bileşenler, ürünü iyi tolere eder ve evcil hayvanınız için lezzetli bir lezzet katar. ", "ürün id:": "product13066", "category:": "Köpek Ürünleri > Köpek Maması > Yetişkin Köpek Maması"}
]